#File contains COVID symptoms collected from literature and medical web pages. Three sets of mappings are provides Symptom to MP, MP to HPO, and symptom to HPO. Use of SSSOM terms: exact - terms have the same meaning except that MP term is not limited to human; broad ontology term would be a parent to the symptom or MP term would be a parent to HPO term; narrow - ontology term has a more restricted meaning than the symptom or ignoring species limit MP term would be a child of the HPO term; close terms are almost exact but there is a subtle distinction; related - terms are similar but would not have a parent/child relation in an ontology. Cut off for broad was based on the term having just subtypes of the symptom, i.e. if it matches the general phenotype but doesn't specify the location then it got a broad mapping, but if the phenotype was for a specific cell type and the closest match was just for the general tissue no mapping was made. Match type is human_curated for all													
COVID-19 CLINICAL FEATURE / COMPLICATION	MP TERM NAME	MP TERM ID	Feature Match of Reported Symptom to MP term	Confidence MP to symptom match	Feature match MP to HPO 	Confidence MP to HPO match	HPO TERM NAME	HPO TERM ID	Feature Match of Reported Symptom to HPO term	confidence HPO to symptom match	sssom:creator_id	Symptom SOURCE	comment
Abdominal pain	--	--	--	--	--	--	Abdominal pain	HP:0002027	exact	10	orcid:0000-0003-4606-0597|orcid:0000-0002-6490-7723	PMID:32574165, PMID:32222988, PMID:32620220	
Arthralgia (joint pain)	--	--	--	--	--	--	Arthralgia	HP:0002829	exact	10	orcid:0000-0003-4606-0597|orcid:0000-0002-6490-7723	PMID:32423471, PMID:32574165	
Impaired executive functioning / performance	--	--	--	--	--	--	Impaired executive functioning	HP:0033051	exact	10	orcid:0000-0003-4606-0597|orcid:0000-0002-6490-7723	https://doi.org/10.1101/2020.10.15.20205054	
Neuralgia (nerve pain)	--	--	--	--	--	--	Neuralgia	HP:0033345	exact	10	orcid:0000-0003-4606-0597|orcid:0000-0002-6490-7723	PMID:32275288, PMID:32409215	
Obsessive-compulsive behavior	--	--	--	--	--	--	Obsessive-compulsive behavior	HP:0000722	exact	10	orcid:0000-0003-4606-0597|orcid:0000-0002-6490-7723	PMID:32738287	
Arterial thrombosis	abnormal arterial thrombosis	MP:0031157	broad		broad		Arterial thrombosis	HP:0004420	exact	10	orcid:0000-0003-4606-0597|orcid:0000-0002-6490-7723	PMID:32425264, PMID:32415579	
Blood-brain barrier dysfunction	abnormal blood-brain barrier function	MP:0005167	broad	10	--	--	--	--	--		orcid:0000-0003-4606-0597|orcid:0000-0002-6490-7723	PMID:32684080, PMID:32820884	
Cerebral venous thrombosis	abnormal cerebral venous thrombosis	MP:0031160	broad	10	broad	10	Cerebral venous thrombosis	HP:0005305	exact	10	orcid:0000-0003-4606-0597|orcid:0000-0002-6490-7723	PMID:32414532	
CNS Demyelination	demyelination	MP:0000921	broad	10	broad	10	CNS demyelination	HP:0007222	exact	10	orcid:0000-0003-4606-0597|orcid:0000-0002-6490-7723	PMID:32367205	
Cognitive deficits	abnormal cognition	MP:0014114	broad	10	broad	10	Cognitive impairment	HP:0100543	exact	10	orcid:0000-0003-4606-0597|orcid:0000-0002-6490-7723	PMID:33111132	
Decreased (free) triiodothyronine (T3) level	decreased circulating triiodothyronine level	MP:0005479	broad	10	broad	10	Decreased circulating free T3	HP:0032210	exact	10	orcid:0000-0003-4606-0597|orcid:0000-0002-6490-7723	PMID:32600165, PMID:32217556	
Encephalomyelitis	CNS inflammation	MP:0006082	broad	10	broad	10	Viral encephalitis	HP:0033993 	narrow	10	orcid:0000-0003-4606-0597|orcid:0000-0002-6490-7723	PMID:32464367	
Fever (see also Hyperpyrexia)	increased body temperature	MP:0005533	broad	10	broad	10	Fever	HP:0001945	exact	10	orcid:0000-0003-4606-0597|orcid:0000-0002-6490-7723	PMID:32574165	
Fever (see also Hyperpyrexia)	increased body surface temperature	MP:0011017	broad	10	--	--	--	--			orcid:0000-0003-4606-0597|orcid:0000-0002-6490-7723	PMID:32574165	
Fever (see also Hyperpyrexia)	increased core body temperature [narrow synonym = hyperpyrexia]	MP:0011016	broad	10	--	--	--	--			orcid:0000-0003-4606-0597|orcid:0000-0002-6490-7723	PMID:32574165	
Hyperpyrexia (see also Fever)	increased core body temperature [narrow synonym = hyperpyrexia]	MP:0011016	broad	10	broad		Hyperpyrexia	HP:0033031	exact	10	orcid:0000-0003-4606-0597|orcid:0000-0002-6490-7723	PMID:32519768	
Mottled skin	abnormal skin coloration	MP:0011239	broad	10							orcid:0000-0003-4606-0597|orcid:0000-0002-6490-7723	PMID:32390279|https://www.ncbi.nlm.nih.gov/pmc/articles/PMC8427109/ 	this mottling appears to refer to skin rash or lesion as opposed to changes in pigmentation
Venous thrombosis	abnormal venous thrombosis	MP:0031158	broad	10	broad	10	Venous thrombosis	HP:0004936	exact	10	orcid:0000-0003-4606-0597|orcid:0000-0002-6490-7723	PMID:32415579	
Decreased plasma citrulline level	decreased circulating citrulline level	MP:0020837	close	10	close	10	Low plasma citrulline	HP:0003572	exact	10	orcid:0000-0003-4606-0597|orcid:0000-0002-6490-7723	PMID:32646736	frequent issue of the distinction between circulating/plasma/blood - depending on how the measurement is made thes may be exact or may involve additional constituents of the blood
Reduced left ventricular ejection fraction (LVEF)	decreased ventricle muscle contractility	MP:0005598	broad	10	broad	10	Reduced ejection fraction	HP:0012664	exact	10	orcid:0000-0003-4606-0597|orcid:0000-0002-6490-7723	PMID:33187875, PMID:33075857, https://doi.org/10.1101/2020.11.10.20229294	based on parentage the HPO term is restricted to the left ventricle
Asthenia (generalized weakness)	weakness	MP:0000746	close	9	close	9	Asthenia	HP:0025406	exact	10	orcid:0000-0003-4606-0597|orcid:0000-0002-6490-7723	PMID:32574165	potential for the MP term to be slightly broader than the symptom and HPO term mostly related to the use of "feeling" in HP definition
Convulsions	convulsive seizures	MP:0000947	close	8	broad	10	Infection-related seizure	HP:0032892	close	8	orcid:0000-0003-4606-0597|orcid:0000-0002-6490-7723	PMID:32266761	for relation to symptom - is a convulsion always considered a seizure by clinicinans? MP broader than HPO term as MP does not include the cause of the phenotype in the term definition
Decreased serum LDL cholesterol level	decreased circulating LDL cholesterol level	MP:0000183	close	10	exact	10	Decreased LDL cholesterol concentration	HP:0003563	close	10	orcid:0000-0003-4606-0597|orcid:0000-0002-6490-7723	PMID:32430154, https://doi.org/10.1101/2020.10.06.20207092	HPO term specifies "blood" in the definition. Serum vs circulating/blood is the reason for close rather than exact
Pruritus (skin itching)	increased pruritus	MP:0010072	close	10	close	10	Pruritus	HP:0000989	exact	10	orcid:0000-0003-4606-0597|orcid:0000-0002-6490-7723	PMID:32390279	
Elevated blood glucose level (see also Hyperglycemia)	increased circulating glucose level	MP:0005559	exact	10	exact	10	Hyperglycemia	HP:0003074	exact	10	orcid:0000-0003-4606-0597|orcid:0000-0002-6490-7723	PMID:32007143	MP has a separate term for "hyperglycemia" (MP:0001559) that has as part of the definition "generally refers to a pathological state". The HPO term Hyperglycemia is defined as "An increased concentration of glucose in the blood." making it a better match to the MP term "increased circulating glucose level" defined as "greater than the normal concentration in the blood of this major monosaccharide of the body; it is an important energy source"
Elevated serum creatine level	increased circulating creatine level	MP:0010064	close	10	exact	10	Elevated circulating creatinine concentration	HP:0003259	close	10	orcid:0000-0003-4606-0597|orcid:0000-0002-6490-7723	PMID:32475810	serum vs blood
Elevated serum ferritin level (hyperferritinemia)	increased circulating ferritin level	MP:0011890	close	10	close	10	Increased serum ferritin	HP:0003281	exact	10	orcid:0000-0003-4606-0597|orcid:0000-0002-6490-7723	PMID:32007143	
Abnormal coagulation (see also Coagulopathy)	abnormal blood coagulation [related synonym = coagulopathy]	MP:0002551	exact	10	exact	10	Abnormality of coagulation	HP:0001928	exact	10	orcid:0000-0003-4606-0597|orcid:0000-0002-6490-7723	PMID:32508062, PMID:32415579, PMID:32467443, PMID:32073213	
Abnormal echocardiography / echocardiogram	abnormal heart echocardiography feature	MP:0011925	exact	10	exact	10	Abnormal echocardiogram	HP:0003116	exact	10	orcid:0000-0003-4606-0597|orcid:0000-0002-6490-7723	PMID:32426088, PMID:32595004, PMID:32885490, PMID:32469253	
Abnormal reflex	abnormal reflex	MP:0001961	exact	10	exact	10	Abnormal reflex	HP:0031826	exact	10	orcid:0000-0003-4606-0597|orcid:0000-0002-6490-7723	PMID:32464367	
Abnormal thrombosis	abnormal thrombosis	MP:0005048	exact	10	exact	10	Abnormal thrombosis	HP:0001977	exact	10	orcid:0000-0003-4606-0597|orcid:0000-0002-6490-7723	PMID:32508062, PMID:32415579, PMID:32467443	
Acidosis	acidosis	MP:0003031	exact	10	exact	10	Acidosis	HP:0001941	exact	10	orcid:0000-0003-4606-0597|orcid:0000-0002-6490-7723	PMID:32234466	
Activation of microglia	increased microglial cell activation	MP:0020448	exact	10	--	--	--	--	--	--	orcid:0000-0003-4606-0597|orcid:0000-0002-6490-7723	PMID:32820884, PMID:33031735	
Ageusia (see also Dysgeusia and Hypogeusia)	ageusia	MP:0031090	exact	10	exact	10	Ageusia	HP:0041051	exact	10	orcid:0000-0003-4606-0597|orcid:0000-0002-6490-7723	PMID:32464367, PMID:32383370	
Albuminuria	albuminuria	MP:0002871	exact	10	exact	10	Albuminuria	HP:0012592	exact	10	orcid:0000-0003-4606-0597|orcid:0000-0002-6490-7723	PMID:32204907, PMID:32620220	
Alveolar proteinosis	pulmonary alveolar proteinosis	MP:0010998	exact	10	exact	10	Alveolar proteinosis	HP:0006517	exact	10	orcid:0000-0003-4606-0597|orcid:0000-0002-6490-7723	PMID:32572155	
Anosmia (see also Dysosmia and Hyposmia)	anosmia	MP:0004512	exact	10	exact	10	Anosmia	HP:0000458	exact	10	orcid:0000-0003-4606-0597|orcid:0000-0002-6490-7723	PMID:32464367, PMID:32383370, PMID:32587625, PMID:32563019, PMID:32620220	
Areflexia	areflexia	MP:0031122	exact	10	exact	10	Areflexia	HP:0001284	exact	10	orcid:0000-0003-4606-0597|orcid:0000-0002-6490-7723	PMID:32464367	
Astrocytosis / Astrogliosis	astrocytosis	MP:0003354	exact	10	exact	10	Astrocytosis	HP:0002446	exact	10	orcid:0000-0003-4606-0597|orcid:0000-0002-6490-7723	PMID:32820884, PMID:33031735	
Ataxia	ataxia	MP:0001393	exact	10	exact	10	Ataxia	HP:0001251	exact	10	orcid:0000-0003-4606-0597|orcid:0000-0002-6490-7723	PMID:32464367, PMID:32574165, PMID:32266761	
Atrial fibrillation	atrial fibrillation	MP:0008543	exact	10	exact	10	Atrial fibrillation	HP:0005110	exact	10	orcid:0000-0003-4606-0597|orcid:0000-0002-6490-7723	PMID:32352535	
Blistering	blistering	MP:0001208	exact	10	exact	10	Abnormal blistering of the skin	HP:0008066	exact	10	orcid:0000-0003-4606-0597|orcid:0000-0002-6490-7723	PMID:32390279	
Blurred Vision	decreased visual acuity	MP:0006149	exact	10	exact	10	Blurred vision	HP:0000622	exact	10	orcid:0000-0003-4606-0597|orcid:0000-0002-6490-7723	PMID:32421258	
Cardiac arrhythmia	irregular heartbeat	MP:0001636	exact	10	exact	10	Arrhythmia	HP:0011675	exact	10	orcid:0000-0003-4606-0597|orcid:0000-0002-6490-7723	PMID:32354800, PMID:32620220, https://doi.org/10.1101/2020.10.09.20209379	
Cardiac muscle necrosis	cardiac muscle necrosis	MP:0010632	exact	10	narrow	10	Muscle fiber necrosis	HP:0003713	broad	10	orcid:0000-0003-4606-0597|orcid:0000-0002-6490-7723	PMID:32354800, PMID:32352535	
Cardiomyopathy	cardiomyopathy	MP:0005330	exact	10	exact	10	Cardiomyopathy	HP:0001638	exact	10	orcid:0000-0003-4606-0597|orcid:0000-0002-6490-7723	PMID:32354800	
Cardiovalvulitis (heart valve inflammation)	cardiovalvulitis	MP:0031118	exact	10	--	--	--	--	--	--	orcid:0000-0003-4606-0597|orcid:0000-0002-6490-7723	https://www.who.int/news-room/commentaries/detail/multisystem-inflammatory-syndrome-in-children-and-adolescents-with-covid-19	
Cerebral edema	cerebral edema	MP:0011854	exact	10	exact	10	Cerebral edema	HP:0002181	exact	10	orcid:0000-0003-4606-0597|orcid:0000-0002-6490-7723	PMID:32240762	
Cerebral ischemia	brain ischemia [exact synonym = cerebral ischemia]	MP:0006080	exact	9	exact	9	Cerebral ischemia	HP:0002637	exact	10	orcid:0000-0003-4606-0597|orcid:0000-0002-6490-7723	PMID:32360439, PMID:32354768	MP term definition "inadequate blood flow to a region of the brain that may lead to cerebral infarction" implies that this term is for cerebral ischemia and not for other regios of the brain, also cerebral ischemia is an exact synonym
Conjunctival chemosis	conjunctival chemosis	MP:0031097	exact	10	exact	10	Chemosis	HP:0012375	exact	10	orcid:0000-0003-4606-0597|orcid:0000-0002-6490-7723	PMID:32421258, PMID:32232433	
Conjunctival hyperemia	conjunctival hyperemia	MP:0031096	exact	10	exact	10	Conjunctival hyperemia	HP:0030953	exact	10	orcid:0000-0003-4606-0597|orcid:0000-0002-6490-7723	PMID:32232433	
Conjunctivitis (pink eye)	conjunctivitis	MP:0001311	exact	10	exact	10	Conjunctivitis	HP:0000509	exact	10	orcid:0000-0003-4606-0597|orcid:0000-0002-6490-7723	PMID:32232433, PMID:32574165, PMID:32620220	
Cough (see also Dry cough and Productive cough)	coughing	MP:0031088	exact	10	exact	10	Cough	HP:0012735	exact	10	orcid:0000-0003-4606-0597|orcid:0000-0002-6490-7723	PMID:32574165	
Crackles (on auscultation)	crackles	MP:0031104	exact	10	exact	10	Crackles	HP:0030830	exact	10	orcid:0000-0003-4606-0597|orcid:0000-0002-6490-7723	https://doi.org/10.1101/2020.04.07.20051060	
Cyanosis (bluish skin, face or lips)	cyanosis	MP:0001575	exact	10	exact	10	Cyanosis	HP:0000961	exact	10	orcid:0000-0003-4606-0597|orcid:0000-0002-6490-7723	PMID:32289472	
Cytokine storm	cytokine storm	MP:0031066	exact	10	exact	10	Cytokine storm	HP:0033041	exact	10	orcid:0000-0003-4606-0597|orcid:0000-0002-6490-7723	PMID:32505227, PMID:31986264	
Decreased alertness	decreased alertness	MP:0020224	exact	10	exact	10	Decreased vigilance	HP:0032044	exact	10	orcid:0000-0003-4606-0597|orcid:0000-0002-6490-7723	PMID:32464367	
Decreased blood iron level (hypoferremia)	decreased circulating iron level	MP:0004151	exact	10	close	10	Decreased serum iron	HP:0040303	narrow	10	orcid:0000-0003-4606-0597|orcid:0000-0002-6490-7723	PMID:32509258	in this case serum iron would be a child of blood iron, HPO definition specifies "serum"
Decreased liver function	decreased liver function	MP:0003325	exact	10	exact	10	Decreased liver function	HP:0001410	exact	10	orcid:0000-0003-4606-0597|orcid:0000-0002-6490-7723	PMID:32145190, PMID:32388469	
Decreased oxygen saturation level	decreased blood oxygen saturation level	MP:0031068	exact	10	related	10	Hypoxemia	HP:0012418	related	10	orcid:0000-0003-4606-0597|orcid:0000-0002-6490-7723	PMID:32653160	
Decreased prothrombin time (PT)	decreased prothrombin time	MP:0012355	exact	10	exact	10	Decreased prothrombin time	HP:0032198	exact	10	orcid:0000-0003-4606-0597|orcid:0000-0002-6490-7723	PMID:32007143	
Decreased thyroid-stimulating hormone level	decreased circulating thyroid-stimulating hormone level	MP:0005119	exact	10	narrow	8	Decreased thyroid-stimulating hormone level	HP:0031098	broad	8	orcid:0000-0003-4606-0597|orcid:0000-0002-6490-7723	PMID:32600165, PMID:32217556	HP definition implies this is the level of thyroid-stimulating hormone anywhere but placement under pituitary gland leaves some question as to if this would cover levels outside of the gland. I'm inclined to think the intent is for this to cover levels anywhere in the body
Diarrhea	diarrhea	MP:0005036	exact	10	exact	10	Diarrhea	HP:0002014	exact	10	orcid:0000-0003-4606-0597|orcid:0000-0002-6490-7723	PMID:32574165, PMID:32222988, PMID:32620220	
Double vision (diplopia)	double vision	MP:0006150	exact	10	exact	10	Diplopia	HP:0000651	exact	10	orcid:0000-0003-4606-0597|orcid:0000-0002-6490-7723	PMID:32303650, PMID:32364121	
Dry eye	dry eyes	MP:0001337	exact	10	broad	10	Keratoconjunctivitis sicca	HP:0001097	narrow	9	orcid:0000-0003-4606-0597|orcid:0000-0002-6490-7723	PMID:32421258	HP term is specific for inflammation induced dry eyes
Dry gangrene (see also Gangrene)	dry gangrene	MP:0031127	exact	10	narrow	10	Gangrene	HP:0100758	broad	10	orcid:0000-0003-4606-0597|orcid:0000-0002-6490-7723	PMID:32447934, PMID:32495913, PMID:32731141	
Dysgeusia (aka Parageusia; see also Ageusia and Hypogeusia)	dysgeusia	MP:0031092	exact	10	exact	10	Parageusia	HP:0031249	exact	10	orcid:0000-0003-4606-0597|orcid:0000-0002-6490-7723	PMID:32464367, PMID:32383370, PMID:32563019, PMID:32620220	
Dysosmia (see also Anosmia and Hyposmia)	dysosmia	MP:0030988	exact	10	narrow	10	Abnormality of the sense of smell	HP:0004408 	broad	10	orcid:0000-0003-4606-0597|orcid:0000-0002-6490-7723	PMID:32581854	
Dysphagia	dysphagia	MP:0003158	exact	10	exact	10	Dysphagia	HP:0002015	exact	10	orcid:0000-0003-4606-0597|orcid:0000-0002-6490-7723	PMID:32460415	
Dysphonia (voice change)	abnormal vocalization	MP:0001529 	broad	10	broad	10	Dysphonia	HP:0001618	exact	10	orcid:0000-0003-4606-0597|orcid:0000-0002-6490-7723	PMID:33051108	
Dyspnea (see also Respiratory distress)	respiratory distress [exact synonym = dyspnea]	MP:0001954	exact	10	exact	10	Dyspnea	HP:0002094	exact	10	orcid:0000-0003-4606-0597|orcid:0000-0002-6490-7723	PMID:32574165, PMID:32371463, PMID:32118615	
Elevated activated partial thromboplastin time (aPTT)	increased partial thromboplastin time	MP:0012359	exact	10	exact	10	Prolonged partial thromboplastin time	HP:0003645	exact	10	orcid:0000-0003-4606-0597|orcid:0000-0002-6490-7723	PMID:32007143, PMID:32311826	
Elevated alanine transaminase (ALT) level	increased circulating alanine transaminase level	MP:0002941	exact	10	exact	10	Elevated circulating alanine aminotransferase concentration	HP:0031964	exact	10	orcid:0000-0003-4606-0597|orcid:0000-0002-6490-7723	PMID:32007143, PMID:32145190	
Elevated alkaline phosphatase (ALP) level	increased circulating alkaline phosphatase level	MP:0002968	exact	10	exact	10	Elevated circulating alkaline phosphatase concentration	HP:0003155 	exact	10	orcid:0000-0003-4606-0597|orcid:0000-0002-6490-7723	PMID:35007991	
Elevated aspartate aminotransferase (AST) level	increased circulating aspartate transaminase level	MP:0005343	exact	10	exact	10	Elevated circulating aspartate aminotransferase concentration	HP:0031956	exact	10	orcid:0000-0003-4606-0597|orcid:0000-0002-6490-7723	PMID:32007143, PMID:32145190, PMID:32311826	
Elevated blood bilirubin level (hyperbilirubinemia)	increased circulating bilirubin level	MP:0005344	exact	10	exact	10	Hyperbilirubinemia	HP:0002904	exact	10	orcid:0000-0003-4606-0597|orcid:0000-0002-6490-7723	PMID:32007143, PMID:32274341, PMID:32311826	
Elevated blood C-X-C motif chemokine ligand 10 (CXCL10, aka IP-10) level	increased circulating CXCL10 level	MP:0031220	exact	10	narrow	10	Abnormality of serum cytokine level	HP:0011112	broad	10	orcid:0000-0003-4606-0597|orcid:0000-0002-6490-7723	PMID:32360286, PMID:31986264	
Elevated blood cardiac troponin I level	increased circulating troponin I level	MP:0031079	exact	10	exact	10	Increased troponin I level in blood	HP:0410173	exact	10	orcid:0000-0003-4606-0597|orcid:0000-0002-6490-7723	PMID:32255359, PMID:32311826, PMID:32620220	
Elevated blood cardiac troponin T level	increased circulating troponin T level	MP:0031078	exact	10	exact	10	Increased troponin T level in blood	HP:0410174	exact	10	orcid:0000-0003-4606-0597|orcid:0000-0002-6490-7723	PMID:32255359, PMID:32311826	
Elevated blood cortisol level	increased circulating cortisol level	MP:0014161	exact	10	exact	10	Increased circulating cortisol level	HP:0003118	exact	10	orcid:0000-0003-4606-0597|orcid:0000-0002-6490-7723	PMID:32563278	
Elevated blood D-dimer level	increased circulating D-dimer level	MP:0031083	exact	10	exact	10	Elevated circulating D-dimer concentration	HP:0033106	exact	10	orcid:0000-0003-4606-0597|orcid:0000-0002-6490-7723	PMID:32007143, PMID:32311826, PMID:32620220	
Elevated blood fibrinogen level (hyperfibrinogenemia)	increased circulating fibrinogen level	MP:0012331	exact	10	exact	10	Hyperfibrinogenemia	HP:0011899	exact	10	orcid:0000-0003-4606-0597|orcid:0000-0002-6490-7723	PMID:32467443	
Elevated blood gamma-glutamyltransferase level	increased circulating gamma-glutamyl transferase level	MP:0031114	exact	10	narrow	10	Elevated gamma-glutamyltransferase level	HP:0030948	broad	10	orcid:0000-0003-4606-0597|orcid:0000-0002-6490-7723	PMID:32145190	
Elevated blood IL-10 level	increased circulating interleukin-10 level	MP:0008593	exact	10	exact	10	Increased circulating interleukin 10	HP:0033199	exact	10	orcid:0000-0003-4606-0597|orcid:0000-0002-6490-7723	PMID:32387470, PMID:31986264	
Elevated blood IL-8 level	increased circulating interleukin-8 level	MP:0011714	exact	10	exact	10	Increased circulating interleukin 8	HP:0033178	exact	10	orcid:0000-0003-4606-0597|orcid:0000-0002-6490-7723	PMID:32387470, PMID:31986264	
Elevated blood myoglobin level	increased circulating myoglobin level	MP:0031108	exact	10	exact	10	Elevated circulating myoglobin concentration	HP:0033438 	exact	10	orcid:0000-0003-4606-0597|orcid:0000-0002-6490-7723	PMID:32007143, PMID:32653160	
Elevated blood urea nitrogen level	increased blood urea nitrogen level	MP:0005565	exact	10	exact	10	Increased blood urea nitrogen	HP:0003138	exact	10	orcid:0000-0003-4606-0597|orcid:0000-0002-6490-7723	PMID:32620220	
Elevated C-reactive protein (CRP) level	increased circulating C-reactive protein level	MP:0031059	exact	10	exact	10	Elevated circulating C-reactive protein concentration	HP:0011227	exact	10	orcid:0000-0003-4606-0597|orcid:0000-0002-6490-7723	PMID:32368728, PMID:32007143, PMID:32311826, PMID:32531257	
Elevated creatine kinase (CK) level	increased circulating creatine kinase level	MP:0010090	exact	10	exact	10	Elevated serum creatine kinase	HP:0003236	exact	10	orcid:0000-0003-4606-0597|orcid:0000-0002-6490-7723	PMID:32007143, PMID:32311826, PMID:32587625, PMID:32620220	HPO definition specifies "blood"
Elevated lactate dehydrogenase (LDH) level	increased circulating lactate dehydrogenase level	MP:0011971	exact	10	exact	10	Increased circulating lactate dehydrogenase concentration	HP:0025435	exact	10	orcid:0000-0003-4606-0597|orcid:0000-0002-6490-7723	PMID:32007143, PMID:32531257	
Elevated procalcitonin (PCT) level	increased circulating procalcitonin level	MP:0031065	exact	10	exact	10	Increased circulating procalcitonin level	HP:0032308	exact	10	orcid:0000-0003-4606-0597|orcid:0000-0002-6490-7723	PMID:32371463, PMID:32007143	
Elevated serum amyloid A (SAA) level	increased circulating serum amyloid protein level	MP:0031234	exact	10	exact	10	Elevated circulating amyloid A	HP:0033332	exact	10	orcid:0000-0003-4606-0597|orcid:0000-0002-6490-7723	PMID:32277967, PMID:32475810, https://www.researchsquare.com/article/rs-19724/v1	serum is part of the name of the protein
Elevated von Willebrand Factor (VWF) level	increased circulating von Willebrand factor level	MP:0031165	exact	10	narrow	10	Abnormality of von Willebrand factor	HP:0012146	broad	10	orcid:0000-0003-4606-0597|orcid:0000-0002-6490-7723	PMID:32708334, PMID:32415579	
Encephalitis	brain inflammation	MP:0001847	exact	10	exact	10	Encephalitis	HP:0002383	exact	10	orcid:0000-0003-4606-0597|orcid:0000-0002-6490-7723	PMID:32464367	
Encephalopathy	encephalopathy	MP:0013806	exact	10	exact	10	Encephalopathy	HP:0001298	exact	10	orcid:0000-0003-4606-0597|orcid:0000-0002-6490-7723	PMID: 32464367, PMID:32622375	
Epiphora (watery eyes, excessive tearing)	epiphora	MP:0001349	exact	10	exact	10	Epiphora	HP:0009926	exact	10	orcid:0000-0003-4606-0597|orcid:0000-0002-6490-7723	PMID:32232433	
Eyelid edema	eyelid edema	MP:0006167	exact	10	exact	10	Palpebral edema	HP:0100540	exact	10	orcid:0000-0003-4606-0597|orcid:0000-0002-6490-7723	PMID:32310553	
Fatigue / Malaise	fatigue	MP:0002899	exact	10	exact	10	Fatigue [related synonym = Malaise]	HP:0012378	exact	10	orcid:0000-0003-4606-0597|orcid:0000-0002-6490-7723	PMID:32574165	
Gangrene (see also Dry gangrene)	gangrene	MP:0031126	exact	10	exact	10	Gangrene	HP:0100758	exact	10	orcid:0000-0003-4606-0597|orcid:0000-0002-6490-7723	PMID:32359711	
Gastrointestinal bleeding	gastrointestinal hemorrhage	MP:0000465	exact	10	exact	10	Gastrointestinal hemorrhage	HP:0002239	exact	10	orcid:0000-0003-4606-0597|orcid:0000-0002-6490-7723	PMID:32222988	
Hematemesis	hematemesis	MP:0003261	exact	10	exact	10	Hematemesis	HP:0002248	exact	10	orcid:0000-0003-4606-0597|orcid:0000-0002-6490-7723	PMID:32325065	
Hematuria	hematuria	MP:0005161	exact	10	exact	10	Hematuria	HP:0000790	exact	10	orcid:0000-0003-4606-0597|orcid:0000-0002-6490-7723	PMID:32412303, PMID:32345702, PMID:32620220	
Hemiparesis	hemiparesis	MP:0031201	exact	10	exact	10	Hemiparesis	HP:0001269	exact	10	orcid:0000-0003-4606-0597|orcid:0000-0002-6490-7723	PMID:32354768, PMID:32436105	
Hemiplegia	hemiplegia	MP:0031202	exact	10	exact	10	Hemiplegia	HP:0002301	exact	10	orcid:0000-0003-4606-0597|orcid:0000-0002-6490-7723	PMID:32343504	
Hepatic failure	liver failure	MP:0003326	exact	10	exact	10	Hepatic failure	HP:0001399	exact	10	orcid:0000-0003-4606-0597|orcid:0000-0002-6490-7723	PMID:32145190	
Hepatic necrosis	hepatic necrosis	MP:0001654	exact	10	exact	10	Hepatic necrosis	HP:0002605	exact	10	orcid:0000-0003-4606-0597|orcid:0000-0002-6490-7723	PMID:32369204	
Hepatic sinusoidal dilatation	dilated liver sinusoidal spaces	MP:0000602	exact	10	--	--	--	--	--	--	orcid:0000-0003-4606-0597|orcid:0000-0002-6490-7723	PMID:32369204	
Hepatic steatosis (see also Microvesicular hepatic steatosis)	hepatic steatosis	MP:0002628	exact	10	exact	10	Hepatic steatosis	HP:0001397	exact	10	orcid:0000-0003-4606-0597|orcid:0000-0002-6490-7723	PMID:32369204	
Hepatomegaly	enlarged liver	MP:0000599	exact	10	exact	10	Hepatomegaly	HP:0002240	exact	10	orcid:0000-0003-4606-0597|orcid:0000-0002-6490-7723	PMID:32274341	
Hypercapnia	hypercapnia	MP:0002318	exact	10	exact	10	Hypercapnia	HP:0012416	exact	10	orcid:0000-0003-4606-0597|orcid:0000-0002-6490-7723	PMID:32203672	
Hypercoagulability (thrombophilia)	hypercoagulability	MP:0031214	exact	10	exact	10	Hypercoagulability	HP:0100724	exact	10	orcid:0000-0003-4606-0597|orcid:0000-0002-6490-7723	PMID:32354800, PMID:32748336	
Hyperglycemia	hyperglycemia	MP:0001559	narrow	8	narrow	8	Hyperglycemia	HP:0003074	exact	10	orcid:0000-0003-4606-0597|orcid:0000-0002-6490-7723	PMID:32007143, PMID:32360710	MP term specifies pathology but HPO does not, unclear if the symptom implies pathological
Hypocalcemia	decreased circulating calcium level	MP:0000195	exact	10	exact	10	Hypocalcemia	HP:0002901	exact	10	orcid:0000-0003-4606-0597|orcid:0000-0002-6490-7723	PMID:32266828	
Hypocapnia	hypocapnia	MP:0003032	exact	10	exact	10	Hypocapnia	HP:0012417	exact	10	orcid:0000-0003-4606-0597|orcid:0000-0002-6490-7723	PMID:32344310	
Hypogeusia (see also Ageusia and Dysgeusia)	hypogeusia	MP:0031091	exact	10	exact	10	Hypogeusia	HP:0000224	exact	10	orcid:0000-0003-4606-0597|orcid:0000-0002-6490-7723	PMID:32464367	
Hypokalemia	hypokalemia	MP:0004119	exact	10	exact	10	Hypokalemia	HP:0002900	exact	10	orcid:0000-0003-4606-0597|orcid:0000-0002-6490-7723	PMID:32266828	
Hypolipidemia	hypolipidemia	MP:0031206	exact	10	exact	10	Hypolipidemia	HP:0045014	exact	10	orcid:0000-0003-4606-0597|orcid:0000-0002-6490-7723	PMID:32430154, https://doi.org/10.1101/2020.10.06.20207092	
Hyponatremia	decreased circulating sodium level	MP:0005634	exact	10	exact	10	Hyponatremia	HP:0002902	exact	10	orcid:0000-0003-4606-0597|orcid:0000-0002-6490-7723	PMID:32266828	
Hypophosphatemia	decreased circulating phosphate level	MP:0000198	exact	10	exact	10	Hypophosphatemia	HP:0002148	exact	10	orcid:0000-0003-4606-0597|orcid:0000-0002-6490-7723	https://doi.org/10.1093/ckj/sfaa109, https://www.medrxiv.org/content/10.1101/2020.03.27.20040816v1, https://www.medrxiv.org/content/10.1101/2020.08.25.20181453v1	
Hyposmia (see also Anosmia and Dysosmia)	impaired olfaction	MP:0008544	exact	10	exact	10	Hyposmia	HP:0004409	exact	10	orcid:0000-0003-4606-0597|orcid:0000-0002-6490-7723	PMID:32464367, PMID:32587625	MP term exact synonym = hyposmia
Hypotension	hypotension	MP:0001596	exact	10	exact	10	Hypotension	HP:0002615	exact	10	orcid:0000-0003-4606-0597|orcid:0000-0002-6490-7723	PMID:32439197	
Hypovolemia	hypovolemia	MP:0010128	exact	10	exact	10	Hypovolemia	HP:0011106	exact	10	orcid:0000-0003-4606-0597|orcid:0000-0002-6490-7723	PMID:32274341	
Hypoxemia	hypoxemia	MP:0012549	exact	10	exact	10	Hypoxemia 	HP:0012418	exact	10	orcid:0000-0003-4606-0597|orcid:0000-0002-6490-7723	PMID:32376101	HP term related synonym = Hypoxia
Hypoxia	hypoxia	MP:0005039	exact	10	related	10	Hypoxemia	HP:0012418	related	10	orcid:0000-0003-4606-0597|orcid:0000-0002-6490-7723	PMID:32376101, PMID:32319424	
Increased blood lactate level	increased circulating lactate level	MP:0013405	exact	10	exact	10	Increased serum lactate	HP:0002151	exact	10	orcid:0000-0003-4606-0597|orcid:0000-0002-6490-7723	PMID:34856090, PMID:33432902	HP definition specifies blood not serum so I made these exact
Increased erythrocyte sedimentation rate	increased erythrocyte sedimentation rate	MP:0031063	exact	10	exact	10	Elevated erythrocyte sedimentation rate	HP:0003565	exact	10	orcid:0000-0003-4606-0597|orcid:0000-0002-6490-7723	PMID:32371463, PMID:32007143	
Increased mean platelet volume (MPV)	increased mean platelet volume	MP:0002599	exact	10	exact	10	Increased mean platelet volume	HP:0011877	exact	10	orcid:0000-0003-4606-0597|orcid:0000-0002-6490-7723	PMID:32935808, PMID:32892687	
Intracerebral hemorrhage	intracerebral hemorrhage	MP:0001916	exact	10	exact	10	Cerebral hemorrhage	HP:0001342	exact	10	orcid:0000-0003-4606-0597|orcid:0000-0002-6490-7723	PMID:32464367	
Intracranial hemorrhage	intracranial hemorrhage	MP:0001915	exact	10	exact	10	Intracranial hemorrhage	HP:0002170	exact	10	orcid:0000-0003-4606-0597|orcid:0000-0002-6490-7723	PMID:32464367	
Keratoconjunctivitis	keratoconjunctivitis	MP:0006194	exact	10	exact	10	Keratoconjunctivitis	HP:0001096	exact	10	orcid:0000-0003-4606-0597|orcid:0000-0002-6490-7723	PMID:32284146	
Lethargy	lethargy	MP:0005202	exact	10	exact	10	Lethargy	HP:0001254	exact	10	orcid:0000-0003-4606-0597|orcid:0000-0002-6490-7723	PMID:32375909	
Melena	melena	MP:0003292	exact	10	exact	10	Melena	HP:0002249	exact	10	orcid:0000-0003-4606-0597|orcid:0000-0002-6490-7723	PMID:32325065	
Meningitis	meningitis	MP:0031110	exact	10	exact	10	Meningitis	HP:0001287	exact	10	orcid:0000-0003-4606-0597|orcid:0000-0002-6490-7723	PMID:32464367	
Meningoencephalitis	meningoencephalitis	MP:0031111	exact	10			--	--			orcid:0000-0003-4606-0597|orcid:0000-0002-6490-7723	PMID:32464367	
Microvesicular hepatic steatosis	microvesicular hepatic steatosis	MP:0031116	exact	10	exact	10	Microvesicular hepatic steatosis	HP:0001414	exact	10	orcid:0000-0003-4606-0597|orcid:0000-0002-6490-7723	PMID:32507608	
Multiple organ failure	multiple organ failure	MP:0031093	exact	--	--	--	--	--	--	--	orcid:0000-0003-4606-0597|orcid:0000-0002-6490-7723	PMID:32439197	-- [see NEW MONDO TERM MONDO:0043726]
Myelitis	spinal cord inflammation	MP:0030987	exact	10	exact	10	Myelitis	HP:0012486	exact	10	orcid:0000-0003-4606-0597|orcid:0000-0002-6490-7723	PMID:32464367	
Myocardial necrosis	myocardium necrosis	MP:0006085	exact	10	exact	10	Myocardial necrosis	HP:0001700	exact	10	orcid:0000-0003-4606-0597|orcid:0000-0002-6490-7723	PMID:32354800	
Myocarditis	myocarditis	MP:0001856	exact	10	exact	10	Myocarditis	HP:0012819	exact	10	orcid:0000-0003-4606-0597|orcid:0000-0002-6490-7723	PMID:32354800, PMID:32352535	
Myoclonus	myoclonus	MP:0000243	exact	10	exact	10	Myoclonus	HP:0001336	exact	10	orcid:0000-0003-4606-0597|orcid:0000-0002-6490-7723	PMID:32804787, https://doi.org/10.1101/2020.07.01.20143214, https://doi.org/10.1101/2020.10.21.20216747	
Nausea	nausea	MP:0003259	exact	10	exact	10	Nausea	HP:0002018	exact	10	orcid:0000-0003-4606-0597|orcid:0000-0002-6490-7723	PMID:32574165, PMID:32222988	
Paralysis	paralysis	MP:0000753	exact	10	exact	10	Paralysis	HP:0003470	exact	10	orcid:0000-0003-4606-0597|orcid:0000-0002-6490-7723	PMID:32538857	
Pericardial effusion	pericardial effusion	MP:0005312	exact	10	exact	10	Pericardial effusion	HP:0001698	exact	10	orcid:0000-0003-4606-0597|orcid:0000-0002-6490-7723	PMID:32352535, PMID:32118615	
Pericarditis	pericarditis	MP:0001845	exact	10	exact	10	Pericarditis	HP:0001701	exact	10	orcid:0000-0003-4606-0597|orcid:0000-0002-6490-7723	PMID:32360119	
Petechiae	petechiae	MP:0008816	exact	10	exact	10	Petechiae	HP:0000967	exact	10	orcid:0000-0003-4606-0597|orcid:0000-0002-6490-7723	PMID:32390279	
Pharyngitis (see also Pharyngalgia)	pharyngitis [related synonym = sore throat]	MP:0031095	exact	10	exact	10	Pharyngitis	HP:0025439	exact	10	orcid:0000-0003-4606-0597|orcid:0000-0002-6490-7723	PMID:32574165	
Photophobia	photophobia	MP:0013787	exact	10	exact	10	Photophobia	HP:0000613	exact	10	orcid:0000-0003-4606-0597|orcid:0000-0002-6490-7723	PMID:32421258	
Pleural effusion	pleural effusion	MP:0010334	exact	10	exact	10	Pleural effusion	HP:0002202	exact	10	orcid:0000-0003-4606-0597|orcid:0000-0002-6490-7723	PMID:32118615, PMID:32500509	
Pleuritis	pleuritis	MP:0031053	exact	10	exact	10	Pleuritis	HP:0002102	exact	10	orcid:0000-0003-4606-0597|orcid:0000-0002-6490-7723	PMID:32198191	
Pneumonia	lung inflammation	MP:0001861	exact	10	exact	10	Pneumonia	HP:0002090	exact	10	orcid:0000-0003-4606-0597|orcid:0000-0002-6490-7723	PMID:32526193	
Pneumothorax	pneumothorax	MP:0010822	exact	10	exact	10	Pneumothorax	HP:0002107	exact	10	orcid:0000-0003-4606-0597|orcid:0000-0002-6490-7723	PMID:32475804, PMID:32330274	
Prolonged prothrombin time (PT)	increased prothrombin time	MP:0012356	exact	10	exact	10	Prolonged prothrombin time	HP:0008151	exact	10	orcid:0000-0003-4606-0597|orcid:0000-0002-6490-7723	PMID:32007143, PMID:32311826	
Proteinuria	increased urine protein level	MP:0002962	exact	10	exact	10	Proteinuria	HP:0000093	exact	10	orcid:0000-0003-4606-0597|orcid:0000-0002-6490-7723	PMID:32412303, PMID:32345702, PMID:32620220	
Pulmonary cavitation	pulmonary cavitation	MP:0031119	exact	10	exact	10	Pulmonary cavity	HP:0033655	exact	9	orcid:0000-0003-4606-0597|orcid:0000-0002-6490-7723	PMID:32636231, PMID:32527136, https://doi.org/10.1101/2020.08.15.20175869, https://doi.org/10.1186/s43055-020-00223-0	
Pulmonary edema	pulmonary edema	MP:0003828	exact	10	exact	10	Pulmonary edema	HP:0100598	exact	10	orcid:0000-0003-4606-0597|orcid:0000-0002-6490-7723	PMID:32526193	
Pulmonary embolism	pulmonary embolism	MP:0031080	exact	10	exact	10	Pulmonary embolism	HP:0002204	exact	10	orcid:0000-0003-4606-0597|orcid:0000-0002-6490-7723	PMID:32291094, PMID:32398297, https://www.medrxiv.org/content/10.1101/2020.10.09.20209965v1, PMID:32330083, PMID:32620220	
Pulmonary fibrosis	pulmonary fibrosis	MP:0006050	exact	10	narrow	10	Pulmonary fibrosis	HP:0002206	narrow	9	orcid:0000-0003-4606-0597|orcid:0000-0002-6490-7723	PMID:32422178	HP term is a child of pulmonary interstitial morphology so despite not mentioning interstitial in the term or definition location in the hierarchy would make this a narrow match to the MP term that covers more than interstitial fibrosis
Pulmonary hemorrhage	lung hemorrhage	MP:0001182	exact	10	exact	10	Pulmonary hemorrhage	HP:0040223	exact	10	orcid:0000-0003-4606-0597|orcid:0000-0002-6490-7723	PMID:34433686, PMID:34479651, PMID:33481385	
Pulmonary hyaline membrane formation	pulmonary hyaline membrane formation	MP:0011018	exact	10	exact	9	Hyaline membranes	HP:0033363	exact	9	orcid:0000-0003-4606-0597|orcid:0000-0002-6490-7723	PMID:32526193	
Pulmonary hyperemia	pulmonary hyperemia	MP:0010855	exact	10	--	--	--	--	--	--	orcid:0000-0003-4606-0597|orcid:0000-0002-6490-7723	PMID:32498766	
Pulmonary interstitial fibrosis	pulmonary interstitial fibrosis	MP:0003426	exact	10	exact	10	Pulmonary fibrosis	HP:0002206 	exact	10	orcid:0000-0003-4606-0597|orcid:0000-0002-6490-7723	PMID:32572155	HP term is a child of pulmonary interstitial morphology so despite not mentioning interstitial in the term or definition I think these are exact matches
Pulmonary parenchymal consolidation	pulmonary parenchymal consolidation	MP:0031113	exact	10	exact	10	Parenchymal consolidation	HP:0032177	exact	10	orcid:0000-0003-4606-0597|orcid:0000-0002-6490-7723	PMID:32017661, PMID:32620220	
Pulmonary vascular congestion	pulmonary vascular congestion	MP:0010018	exact	10	--	--	--	--	--	--	orcid:0000-0003-4606-0597|orcid:0000-0002-6490-7723	PMID:32267998, PMID:32364264	
Purpura	purpura	MP:0011515	exact	10	exact	10	Purpura	HP:0000979	exact	10	orcid:0000-0003-4606-0597|orcid:0000-0002-6490-7723	PMID:32390279	
Reduced blood zinc level	decreased circulating zinc level	MP:0031172	exact	10	exact	10	Decreased serum zinc	HP:0031831	exact	10	orcid:0000-0003-4606-0597|orcid:0000-0002-6490-7723	https://doi.org/10.1101/2020.10.07.20208645	HP term definition specifies "blood" not "serum"
Respiratory acidosis	respiratory acidosis	MP:0012550	exact	10	exact	10	Respiratory acidosis	HP:0005972	exact	10	orcid:0000-0003-4606-0597|orcid:0000-0002-6490-7723	PMID:32375488	
Respiratory distress (see also Dyspnea)	respiratory distress	MP:0001954	exact	10	exact	10	Respiratory distress	HP:0002098	exact	10	orcid:0000-0003-4606-0597|orcid:0000-0002-6490-7723	PMID:32586739	
Respiratory failure	respiratory failure	MP:0001953	exact	10	exact	10	Respiratory failure	HP:0002878	exact	10	orcid:0000-0003-4606-0597|orcid:0000-0002-6490-7723	PMID:32526193, PMID:32620220	
Rhinitis	rhinitis	MP:0001867	exact	10	exact	10	Rhinitis	HP:0012384	exact	10	orcid:0000-0003-4606-0597|orcid:0000-0002-6490-7723	PMID:32451564	
Rhinorrhea (runny nose)	rhinorrhea	MP:0031102	exact	10	exact	10	Rhinorrhea	HP:0031417	exact	10	orcid:0000-0003-4606-0597|orcid:0000-0002-6490-7723	PMID:32574165	
Right ventricular (RV) dilation	dilated heart right ventricle	MP:0002754	exact	10	exact	10	Right ventricular dilatation	HP:0005133	exact	10	orcid:0000-0003-4606-0597|orcid:0000-0002-6490-7723	PMID:32469253, PMID:32426088	
Ronchi (on auscultation)	ronchi	MP:0031105	exact	10	exact	10	Rhonchi	HP:0030831	exact	10	orcid:0000-0003-4606-0597|orcid:0000-0002-6490-7723	https://doi.org/10.1101/2020.04.07.20051060	
Seizures	seizures	MP:0002064	exact	10	exact	10	Seizure	HP:0001250	exact	10	orcid:0000-0003-4606-0597|orcid:0000-0002-6490-7723	PMID:32416567	
Skin rash (unspecified)	skin rash	MP:0031103	exact	10	exact	10	Skin rash	HP:0000988	exact	10	orcid:0000-0003-4606-0597|orcid:0000-0002-6490-7723	PMID:32390279, PMID:32574165	
Sneezing	sneezing	MP:0031089	exact	10	exact	10	Sneeze	HP:0025095	exact	10	orcid:0000-0003-4606-0597|orcid:0000-0002-6490-7723	PMID:32325252	
Subarachnoid hemorrhage	subarachnoid hemorrhage	MP:0031109	exact	10	exact	10	Subarachnoid hemorrhage	HP:0002138	exact	10	orcid:0000-0003-4606-0597|orcid:0000-0002-6490-7723	PMID:32464367	
Subdural hemorrhage / hematoma	subdural hemorrhage	MP:0031117	exact	10	exact	10	Subdural hemorrhage	HP:0100309	exact	10	orcid:0000-0003-4606-0597|orcid:0000-0002-6490-7723	PMID:32738585	
Tachycardia	increased heart rate 	MP:0002626	exact	10	exact	10	Tachycardia	HP:0001649	exact	10	orcid:0000-0003-4606-0597|orcid:0000-0002-6490-7723	PMID:32352535	MP term exact synonym = tachycardia
Tachypnea (see also Increased respiratory rate)	tachypnea	MP:0005426	exact	10	exact	10	Tachypnea	HP:0002789	exact	10	orcid:0000-0003-4606-0597|orcid:0000-0002-6490-7723	PMID:32539988	
Tinnitus (ringing in the ears)	tinnitus	MP:0003741	exact	10	exact	10	Tinnitus	HP:0000360	exact	10	orcid:0000-0003-4606-0597|orcid:0000-0002-6490-7723	PMID:33095432, PMID:32755405	
Vasculitis	vasculitis	MP:0001864	exact	10	exact	10	Vasculitis	HP:0002633	exact	10	orcid:0000-0003-4606-0597|orcid:0000-0002-6490-7723	PMID:34864371, PMID:34523756, PMID:35039779	
Ventricular fibrillation	ventricular fibrillation	MP:0006110	exact	10	exact	10	Ventricular fibrillation	HP:0001663	exact	10	orcid:0000-0003-4606-0597|orcid:0000-0002-6490-7723	PMID:32352535	
Vomiting	vomiting	MP:0003260	exact	10	exact	10	Vomiting	HP:0002013	exact	10	orcid:0000-0003-4606-0597|orcid:0000-0002-6490-7723	PMID:32574165, PMID:32222988, PMID:32620220	
Weight loss	weight loss	MP:0001263	exact	10	exact	10	Weight loss	HP:0001824	exact	10	orcid:0000-0003-4606-0597|orcid:0000-0002-6490-7723	PMID:32519505	
Wheezing	wheezing	MP:0031086	exact	10	exact	10	Wheezing	HP:0030828	exact	10	orcid:0000-0003-4606-0597|orcid:0000-0002-6490-7723	PMID:32574165	
Depression	behavioral despair	MP:0002573	narrow	10	narrow	10	Depressivity	HP:0000716	exact	10	orcid:0000-0003-4606-0597|orcid:0000-0002-6490-7723	PMID:32738287, PMID:32563745	
Heart failure	congestive heart failure	MP:0006138	narrow	10	exact	10	Congestive heart failure	HP:0001635	narrow	10	orcid:0000-0003-4606-0597|orcid:0000-0002-6490-7723	PMID:32352535, PMID:32620220	
Increased blood pressure	increased systemic arterial blood pressure	MP:0002842	narrow	10	narrow	10	Increased blood pressure	HP:0032263	exact	10	orcid:0000-0003-4606-0597|orcid:0000-0002-6490-7723	PMID:32620220	
Agitation	nervous	MP:0008912	related	10	related	10	Agitation	HP:0000713	exact	10	orcid:0000-0003-4606-0597|orcid:0000-0002-6490-7723	PMID:32294339, PMID:32620220	MP term exact synonym = easily agitated
Anorexia / Loss of appetite	decreased food intake	MP:0011940	related	7	related	7	Anorexia	HP:0002039	exact	10	orcid:0000-0003-4606-0597|orcid:0000-0002-6490-7723	PMID:32222988, PMID:32620220	MP term  related synonyms = anorexia, loss of appetite, uncertainty based on question of if this whould be related or broad
Anxiety	increased anxiety-related response	MP:0001363	related	9	related	9	Anxiety	HP:0000739	exact	10	orcid:0000-0003-4606-0597|orcid:0000-0002-6490-7723	PMID:32738287, PMID:32563745	
Dizziness	impaired balance	MP:0001525	related	10	related	10	Vertigo	HP:0002321	related	10	orcid:0000-0003-4606-0597|orcid:0000-0002-6490-7723	PMID:32574165, PMID:32275288, PMID:32931322	HPO term related syonym = Dizziness
Fatal Outcome / Death	increased susceptibility to Coronaviridae infection induced morbidity/mortality	MP:0031048	related	10	--	--	--	--	--	--	orcid:0000-0003-4606-0597|orcid:0000-0002-6490-7723	https://covid19.who.int/	
Hoarse voice / Hoarseness	abnormal vocalization	MP:0001529	broad	10	broad	10	Hoarse voice	HP:0001609	exact	10	orcid:0000-0003-4606-0597|orcid:0000-0002-6490-7723	PMID:32393804	
Ischemic stroke	increased susceptibility to ischemic brain injury	MP:0003076	related	10	related	10	Ischemic stroke	HP:0002140	exact	10	orcid:0000-0003-4606-0597|orcid:0000-0002-6490-7723	PMID:32360439, PMID:32354768	
Pharyngalgia (pain in pharynx, sore throat; see also Pharyngitis)	pharyngitis 	MP:0031095	related	10	related	10	Pharyngalgia	HP:0033050	exact	10	orcid:0000-0003-4606-0597|orcid:0000-0002-6490-7723	PMID:32574165, PMID:32586739, PMID:32133578	MP term related synonym = sore throat
Reduced mobility	hypoactivity	MP:0001402	related	10	related	10	Diminished movement	HP:0002374	related	10	orcid:0000-0003-4606-0597|orcid:0000-0002-6490-7723	PMID:34083350, PMID:33893486	related due to distinction between mobility (ability to move) and movement
Shivering	tremors	MP:0000745	related	10	related	10	Shivering	HP:0025144	exact	10	orcid:0000-0003-4606-0597|orcid:0000-0002-6490-7723	PMID:32371463	MP term broad synonym = shivering
Coagulopathy (see also Abnormal coagulation)	abnormal blood coagulation 	MP:0002551	broad	10	broad	10	Abnormality of the coagulation cascade 	HP:0003256	broad	8	orcid:0000-0003-4606-0597|orcid:0000-0002-6490-7723	PMID:32508062, PMID:32415579, PMID:32467443	MP term related synonym = coagulopathy; HPO term exact synonym = Coagulopathy, defintion of coagulopathy from Taber's is "defect in coaguation" uncertainty related to "defect" are all changes to coagulation cascade automatically defects? Inclined to say no hence the broad mapping.
Abnormal circulating cytokine level	abnormal circulating cytokine level	MP:0010210	exact	10	broad	10	Abnormality of serum cytokine level	HP:0011112	exact	10	orcid:0000-0003-4606-0597|orcid:0000-0002-6490-7723	PMID:32505227, PMID:31986264	HPO definition specifies "blood" not serum
Abnormal circulating interleukin level	abnormal circulating interleukin level	MP:0008588	exact	10	broad	10	Abnormal serum interleukin level	HP:0030782	exact	10	orcid:0000-0003-4606-0597|orcid:0000-0002-6490-7723	PMID:32505227, PMID:31986264	HPO definition specifies "circulation" not only serum
Abnormal respiratory sounds	abnormal respiratory sounds	MP:0001950	exact	10	exact	10	Abnormal breath sound	HP:0030829	exact	10	orcid:0000-0003-4606-0597|orcid:0000-0002-6490-7723	https://doi.org/10.1101/2020.04.07.20051060	
Abnormal ventilation-perfusion ratio	abnormal ventilation-perfusion ratio	MP:0002326	exact	10	--	--	--	--	--	--	orcid:0000-0003-4606-0597|orcid:0000-0002-6490-7723	PMID:32329799, PMID:32291463	
Acral blistering	blistering	MP:0001208 	broad	10	broad	10	Acral blistering	HP:0031045	exact	10	orcid:0000-0003-4606-0597|orcid:0000-0002-6490-7723	PMID:32390279	
Acrocyanosis (bluish extremities e.g. hands, feet or distal parts of face)	cyanosis	MP:0001575	broad	10	broad	10	Acrocyanosis	HP:0001063	exact	10	orcid:0000-0003-4606-0597|orcid:0000-0002-6490-7723	PMID:32220276	
Alveolar epithelial cell lesions	abnormal pulmonary alveolus epithelial cell morphology	MP:0002273	broad	10				--			orcid:0000-0003-4606-0597|orcid:0000-0002-6490-7723	PMID:32526193	HPO has "Abnormal pulmonary alveolar system morphology" (HP:0033137) but does not have a term specific for alveolar epithelial cells 
Alveolar septal thickening	thick pulmonary interalveolar septum	MP:0001179	broad	10	broad	10	Alveolar septal thickening	HP:0033376 	exact	10	orcid:0000-0003-4606-0597|orcid:0000-0002-6490-7723	PMID: 32526193	thickening implies a change from normal to thick while the MP term covers cases where the septum was always thicker so we mapped the MP to symptom/HPO as broad
Alveolitis	alveolitis	MP:0010922	exact	10			--	--			orcid:0000-0003-4606-0597|orcid:0000-0002-6490-7723	PMID:32437706	
Ankle clonus	--	--					Ankle clonus	HP:0011448	exact	10	orcid:0000-0003-4606-0597|orcid:0000-0002-6490-7723	PMID:32294339	
Arthralgia	--	--					Arthralgia	HP:0002829	exact	10	orcid:0000-0003-4606-0597|orcid:0000-0002-6490-7723	PMID:32423471	
Atelectasis	atelectasis	MP:0001177	exact	10	exact	10	Atelectasis	HP:0100750	exact	10	orcid:0000-0003-4606-0597|orcid:0000-0002-6490-7723	PMID:34825929	
Bronchiectasis	bronchiectasis	MP:0011012	exact	10	exact	10	Bronchiectasis	HP:0002110	exact	10	orcid:0000-0003-4606-0597|orcid:0000-0002-6490-7723	PMID:32367422	
Bronchiolitis	bronchiolitis	MP:0031054	exact	10	exact	10	Bronchiolitis	HP:0011950	exact	10	orcid:0000-0003-4606-0597|orcid:0000-0002-6490-7723	PMID:32421539	
Bronchitis	bronchitis	MP:0031055	exact	10	exact	10	Bronchitis	HP:0012387	exact	10	orcid:0000-0003-4606-0597|orcid:0000-0002-6490-7723	PMID:32493030, PMID:32682491, PMID:32879413	
Cardiac arrest	--	--					Cardiac arrest	HP:0001695	exact	10	orcid:0000-0003-4606-0597|orcid:0000-0002-6490-7723	PMID:32354800	
Cardiogenic shock	--	--					Cardiogenic shock	HP:0030149	exact	10	orcid:0000-0003-4606-0597|orcid:0000-0002-6490-7723	PMID:32354800	
Cephalgia (headache)	--	--					Headache	HP:0002315	exact	10	orcid:0000-0003-4606-0597|orcid:0000-0002-6490-7723	PMID:32464367, PMID:32574165, PMID:32587625	
Chest pain	--	--					Chest pain	HP:0100749	exact	10	orcid:0000-0003-4606-0597|orcid:0000-0002-6490-7723	PMID:32574165, PMID:32118615	
Chest pressure / tightness	--	--					Chest tightness	HP:0031352	exact	10	orcid:0000-0003-4606-0597|orcid:0000-0002-6490-7723	PMID:32371463	
Chills	--	--					Chills	HP:0025143	exact	10	orcid:0000-0003-4606-0597|orcid:0000-0002-6490-7723	PMID:32574165	
Circumoral cyanosis (bluish lips)	--	--					Circumoral cyanosis	HP:0032556	exact	10	orcid:0000-0003-4606-0597|orcid:0000-0002-6490-7723	PMID:32302954	
Coma	--	--					Coma	HP:0001259	exact	10	orcid:0000-0003-4606-0597|orcid:0000-0002-6490-7723	PMID:32361215, PMID:32375909	
Confusion	--	--					Confusion	HP:0001289	exact	10	orcid:0000-0003-4606-0597|orcid:0000-0002-6490-7723	PMID:32574165, PMID:32620220	
Corticospinal (pyramidal) tract signs	--	--					Abnormal pyramidal sign	HP:0007256	exact	10	orcid:0000-0003-4606-0597|orcid:0000-0002-6490-7723	PMID:32294339, PMID:32587625, PMID:32620220	
Crazy paving pattern on pulmonary CT imaging	--	--					Crazy paving pattern on pulmonary HRCT	HP:0025391	exact	10	orcid:0000-0003-4606-0597|orcid:0000-0002-6490-7723	PMID:32017661, PMID:32118615	
Cutaneous vasculitis	blood vessel inflammation	MP:0001863	broad	10	broad	10	Vasculitis in the skin	HP:0200029	exact	10	orcid:0000-0003-4606-0597|orcid:0000-0002-6490-7723	PMID:32378747, PMID:32453865, PMID:32441876	
Decreased CD4+ T cell number	decreased CD4-positive, alpha beta T cell number	MP:0008075	exact	10	related	10	Reduced proportion of CD4 T cells	HP:0032218	related	10	orcid:0000-0003-4606-0597|orcid:0000-0002-6490-7723	PMID:32505227, PMID:32379887, PMID:32283159	For HPO decrease in proportion to total, could reflect increase in some other cell type shifting the proportions
Decreased CD8+ T cell number	decreased CD8-positive, alpha-beta T cell number	MP:0008079	exact	10	related	10	Decreased proportion of CD8-positive T cells	HP:0005415	related	10	orcid:0000-0003-4606-0597|orcid:0000-0002-6490-7723	PMID:32505227, PMID:32379887, PMID:32283159	
Decreased eosinophil count (eosinopenia)	decreased eosinophil cell number	MP:0005012	exact	10	exact	10	Decreased eosinophil count	HP:0031891	exact	10	orcid:0000-0003-4606-0597|orcid:0000-0002-6490-7723	PMID:32368728, PMID:32562554	
Decreased hematocrit	decreased hematocrit	MP:0000208	exact	10	exact	10	Reduced hematocrit	HP:0031851	exact	10	orcid:0000-0003-4606-0597|orcid:0000-0002-6490-7723	PMID:32566620	
Decreased hemoglobin concentration	decreased hemoglobin content	MP:0002874	close	10	close	10	Decreased hemoglobin concentration	HP:0020062	exact	10	orcid:0000-0003-4606-0597|orcid:0000-0002-6490-7723	PMID:32284281, PMID:32007143	
Decreased monocyte cell number (Monocytopenia)	decreased monocyte cell number	MP:0000223	exact	10	exact	10	Monocytopenia	HP:0012312	exact	10	orcid:0000-0003-4606-0597|orcid:0000-0002-6490-7723	PMID:32161940, PMID:32492406	
Decreased natural killer (NK) cell number	decreased NK cell number	MP:0008045	exact	10	exact	10	Reduced natural killer cell count	HP:0040218	exact	10	orcid:0000-0003-4606-0597|orcid:0000-0002-6490-7723	PMID:32505227	
Decreased red blood cell (RBC) count	decreased erythrocyte cell number	MP:0002875	exact	10	exact	10	Decreased red blood cell count	HP:0020060	exact	10	orcid:0000-0003-4606-0597|orcid:0000-0002-6490-7723	PMID:32566620	
Decreased regulatory (suppressor) T cell number	decreased regulatory T cell number	MP:0004974	exact	10	related	10	Decreased proportion of CD4+CD25+ regulatory T cells	HP:0020113	related	10	orcid:0000-0003-4606-0597|orcid:0000-0002-6490-7723	PMID:32161940	
Decreased T-helper cell number	decreased T-helper cell number	MP:0013764	exact	10	related	10	Decreased helper T cell proportion	HP:0008165	related	10	orcid:0000-0003-4606-0597|orcid:0000-0002-6490-7723	PMID:32161940	HPO term is T cell count relative to total number so if some other type of T cell is increased the proportion of T-helper cells may be decreased without a change in the number of T-helper cells
Decreased urine output (see also Oliguria)	oliguria	MP:0003620	narrow	10	narrow	10	Decreased urine output	HP:0011037	exact	10	orcid:0000-0003-4606-0597|orcid:0000-0002-6490-7723	PMID:32533197	MP term exact synonym = decreased urine output, however the HPO term covers both decreased and absent while the MP term is only decreased ticket - https://github.com/mgijax/mammalian-phenotype-ontology/issues/3492 
Deep venous thrombosis (see also Venous thrombosis)	abnormal venous thrombosis	MP:0031158	broad	10	broad	10	Deep venous thrombosis	HP:0002625	exact	10	orcid:0000-0003-4606-0597|orcid:0000-0002-6490-7723	PMID:32354800, PMID:32469410	
Delirium	--	--	--	--	--	--	Delirium	HP:0031258	exact	10	orcid:0000-0003-4606-0597|orcid:0000-0002-6490-7723	PMID:32464367, PMID:32361215, PMID:32587625, PMID:32666303, PMID:32524537	
Diffuse alveolar damage	diffuse alveolar damage	MP:0031237	exact	10	exact	10	Diffuse alveolar damage	HP:0033006	exact	10	orcid:0000-0003-4606-0597|orcid:0000-0002-6490-7723	PMID:32364264	
Disseminated intravascular coagulation	hypercoagulability	MP:0031214 	related	10	related	10	Disseminated intravascular coagulation	HP:0005521	exact	10	orcid:0000-0003-4606-0597|orcid:0000-0002-6490-7723	PMID:32354800	
Distal limb (acral) ischemia	--	--	--	--	--	--	Tissue ischemia	HP:0033401	broad	10	orcid:0000-0003-4606-0597 	PMID:32417420, PMID:32447934	
Distal limb (acral) necrosis	--	--	--	--	--	--	--	--	--	--	orcid:0000-0003-4606-0597 	PMID:32417420, PMID:32447934	neither ontology has this term or a generic necrosis term
Dry cough (non-productive cough)	coughing	MP:0031088	broad	10	broad	10	Nonproductive cough	HP:0031246	exact	10	orcid:0000-0003-4606-0597 	PMID:32574165	
Dysarthria (difficulty articulating speech)	abnormal vocalization	MP:0001529	broad	10	broad	10	Dysarthria	HP:0001260	exact	10	orcid:0000-0003-4606-0597 	PMID:32354768	
Elevated blood (granulocyte-macrophage) colony-stimulating factor 2 (CSF2, aka GM-CSF) level	--	--	--	--	--	--	--	--	--	--	orcid:0000-0003-4606-0597 	PMID:32387470	
Elevated blood (granulocyte) colony stimulating factor 3 (CSF3, aka G-CSF) level	increased circulating CSF3 level	MP:0031245	exact	10	--	--	--	--	--	--	orcid:0000-0003-4606-0597|orcid:0000-0002-6490-7723	PMID:32387470, PMID:32222466, PMID:31986264	
Elevated blood C-C motif chemokine 3 (CCL3, aka MIP-1alpha) level	increased circulating CCL3 level	MP:0031251	exact	10	--	--	--	--	--	--	orcid:0000-0003-4606-0597 	PMID:31986264, PMID:32222466	
Elevated blood C-reactive protein level	increased circulating C-reactive protein level	MP:0031059	exact	10	exact	10	Elevated C-reactive protein level	HP:0011227	exact	10	orcid:0000-0003-4606-0597|orcid:0000-0002-6490-7723	PMID:32368728	
Elevated blood IL-1 level	increased circulating interleukin-1 level	MP:0008591	exact	10	narrow	10	Abnormal serum interleukin level	HP:0030782 	broad	10	orcid:0000-0003-4606-0597 	PMID:35060145	
Elevated blood IL-15 level	increased circulating interleukin-15 level	MP:0008611	exact	10	narrow	10	Abnormal serum interleukin level	HP:0030782 	broad	10	orcid:0000-0003-4606-0597 	PMID:32576222	
Elevated blood IL-17 level	increased circulating interleukin-17 level	MP:0008614	exact	10	narrow	10	Abnormal serum interleukin level	HP:0030782 	broad	10	orcid:0000-0003-4606-0597 	PMID:34181987	
Elevated blood IL-18 level	increased circulating interleukin-18 level	MP:0008635	exact	10	narrow	10	Abnormal serum interleukin level	HP:0030782 	broad	10	orcid:0000-0003-4606-0597 	PMID:32576222	
Elevated blood IL-1beta level	increased circulating interleukin-1 beta level	MP:0008641	exact	10	narrow	10	Abnormal serum interleukin level	HP:0030782 	broad	10	orcid:0000-0003-4606-0597 	PMID:32387470	
Elevated blood IL-2 level	increased circulating interleukin-2 level	MP:0008599	exact	10	narrow	10	Abnormal serum interleukin level	HP:0030782 	broad	10	orcid:0000-0003-4606-0597 	PMID:34181987	
Elevated blood IL-6 level	increased circulating interleukin-6 level	MP:0008596	exact	10	exact	10	Increased serum interleukin-6	HP:0030783	exact	10	orcid:0000-0003-4606-0597|orcid:0000-0002-6490-7723	PMID:32007143	
Elevated blood IL-7 level	increased circulating interleukin-7 level	MP:0008605	exact	10	narrow	10	Abnormal serum interleukin level	HP:0030782 	broad	10	orcid:0000-0003-4606-0597 	PMID:32387470	
Elevated blood IL-9 level	increased circulating interleukin-9 level	MP:0008629	exact	10	narrow	10	Abnormal serum interleukin level	HP:0030782 	broad	10	orcid:0000-0003-4606-0597 	PMID:32387470	
Elevated blood interferon-gamma level	increased circulating interferon-gamma level	MP:0008577	exact	10	exact	10	Increased serum interferon-gamma level	HP:0030356	exact	10	orcid:0000-0003-4606-0597|orcid:0000-0002-6490-7723	PMID:32387470	HPO definition is "..in blood circulation"
Elevated blood N-terminal pro-B-type natriuretic peptide level	--	--	--	--	--	--	Increased NT-proBNP level	HP:0031185	exact		orcid:0000-0003-4606-0597|orcid:0000-0002-6490-7723	PMID:32171190, PMID:32293449	
Elevated blood tumor necrosis factor-alpha level	increased circulating tumor necrosis factor level	MP:0008553	exact	10	narrow	10	Abnormality of serum cytokine level	HP:0011112	broad	10	orcid:0000-0003-4606-0597 	PMID:31986264, PMID:32387470	
Elevated lung megakaryocyte number/density	increased megakaryocyte cell number	MP:0008254 	broad	7	--	--	--	--	--	--	orcid:0000-0003-4606-0597 	PMID:32443177, PMID:32458044	NEW TERM REQUEST uncertainty due to needing to determine if the MP term is only for these cells in the bone marrow, similar term in HPO "Increased megakaryocyte count" specifies "present in the bone marrow" in the definition
Elevated plasma angiotensin II level	increased circulating angiotensin II level	MP:0031232	broad	9	--	--	--	--	--	--	orcid:0000-0003-4606-0597 	PMID:32048163	MP term covers all blood, some uncertainty that this could be exact if angiotensin II is only ever found in the plasma and not other parts of the blood 
Elevated serum surfactant protein A (SP-A) level	--	--	--	--	--	--	Increased circulating surfactant protein level	HP:0032094	broad	10	orcid:0000-0003-4606-0597 	https://www.researchsquare.com/article/rs-29567/v1	
Elevated serum surfactant protein D (SP-D) level	--	--	--	--	--	--	Increased circulating surfactant protein level	HP:0032094	broad	10	orcid:0000-0003-4606-0597 	https://www.researchsquare.com/article/rs-29567/v1	
Emphysema	emphysema	MP:0001958	exact	10	exact	10	Emphysema	HP:0002097	exact	10	orcid:0000-0003-4606-0597|orcid:0000-0002-6490-7723	PMID:32475804, PMID:32330274	
Endotheliitis (endothelium inflammation)	blood vessel inflammation	MP:0001863	broad	10	exact	10	Vasculitis	HP:0002633	broad	10	orcid:0000-0003-4606-0597 	PMID:32619411, https://doi.org/10.1016/S0140-6736(20)30937-5, https://doi.org/10.1038/s41569-020-0413-9	NEW TERM REQUEST
Erythematous macules	--	--	--	--	--	--	Erythematous macule	HP:0025475	exact	10	orcid:0000-0003-4606-0597|orcid:0000-0002-6490-7723	PMID:32390279	
Erythematous papules	--	--	--	--	--	--	Erythematous papule	HP:0030350	exact	10	orcid:0000-0003-4606-0597|orcid:0000-0002-6490-7723	PMID:32390279	
Erythematous plaques	--	--	--	--	--	--	Erythematous plaque	HP:0025474	exact	10	orcid:0000-0003-4606-0597|orcid:0000-0002-6490-7723	PMID:32390279	
Expectoration 	--	--	--	--	--	--	Productive cough	HP:0031245	related	9	orcid:0000-0003-4606-0597 	PMID:32371463	expectoration combines both wet cough and spitting out of material from respiratory tract
Extensor plantar reflexes	--	--	--	--	--	--	Babinski sign	HP:0003487	exact	10	orcid:0000-0003-4606-0597|orcid:0000-0002-6490-7723	PMID:32294339	HPO exact synonym = Extensor plantar reflexes
Facial muscle weakness	facial muscle weakness	MP:0031314	exact	10	exact	10	Weakness of facial musculature	HP:0030319	exact		orcid:0000-0003-4606-0597 	PMID:32622375	
Foreign body sensation	--	--	--	--	--	--	--	--	--	--	orcid:0000-0003-4606-0597 	PMID:32421258	
Gas exchange abnormalities	abnormal pulmonary gas exchange	MP:0002336	exact	10	--	--	--	--	--	--	orcid:0000-0003-4606-0597|orcid:0000-0002-6490-7723	PMID:32508062	
Ground-glass opacities on pulmonary CT imaging	--	--	--	--	--	--	Ground-glass opacification on pulmonary HRCT	HP:0025179	exact	10	orcid:0000-0003-4606-0597|orcid:0000-0002-6490-7723	PMID:32017661, PMID:32118615, PMID:32620220	
Hemophagocytosis	hemophagocytosis	MP:0031070	exact	10	exact	10	Hemophagocytosis	HP:0012156	exact	10	orcid:0000-0003-4606-0597|orcid:0000-0002-6490-7723	PMID:32411313	
Hemoptysis	hemoptysis	MP:0031100	exact	10	exact	10	Hemoptysis	HP:0002105	exact	10	orcid:0000-0003-4606-0597|orcid:0000-0002-6490-7723	PMID:32574165	
High lung compliance	increased lung compliance	MP:0010895	exact	10	--		--	--	--		orcid:0000-0003-4606-0597|orcid:0000-0002-6490-7723	PMID:32329799, PMID:32291463	
High lung elastance	increased lung elastance	MP:0011044	exact	10	--	--	--	--	--	--	orcid:0000-0003-4606-0597|orcid:0000-0002-6490-7723	PMID:32329799, PMID:32291463	
Impaired / Reduced consciousness	--	--	--	--	--	--	Reduced consciousness/confusion	HP:0004372	exact	10	orcid:0000-0003-4606-0597|orcid:0000-0002-6490-7723	PMID:32464367, PMID:32587625	
Impaired megakaryocyte maturation	abnormal megakaryocyte differentiation	MP:0000229	broad	10	--	--	--	--	--	--	orcid:0000-0003-4606-0597 	PMID:32453877	NEW TERM REQUEST
Increased factor VIII activity	--	--	--	--	--	--	Increased factor VIII activity	HP:0030977	exact	10	orcid:0000-0003-4606-0597|orcid:0000-0002-6490-7723	PMID:32539272	
Increased lung weight	increased lung weight	MP:0005630	exact	10	--	--	--	--	--	--	orcid:0000-0003-4606-0597|orcid:0000-0002-6490-7723	PMID:32329799, PMID:32291463	
Increased red blood cell distribution width	increased red blood cell distribution width	MP:0010067	exact	10	exact	10	Increased RBC distribution width	HP:0031965	exact	10	orcid:0000-0003-4606-0597|orcid:0000-0002-6490-7723	PMID:32566620, PMID:32509258	
Increased respiratory rate (see also Tachypnea)	increased pulmonary respiratory rate	MP:0005573	exact	10	exact	10	Tachypnea	HP:0002789			orcid:0000-0003-4606-0597|orcid:0000-0002-6490-7723	PMID:32539988	HPO exact synonym = Increased respiratory rate or depth of breathing
Increased serum luteinizing hormone (LH) level	increased circulating luteinizing hormone level	MP:0001751	close	9	exact	10	Elevated circulating luteinizing hormone level	HP:0011969	close	9	orcid:0000-0003-4606-0597|orcid:0000-0002-6490-7723	https://doi.org/10.1101/2020.03.21.20037267	
Insomnia	--	--	--	--	--	--	Insomnia	HP:0100785	exact	10	orcid:0000-0003-4606-0597|orcid:0000-0002-6490-7723	PMID:32738287, PMID:32563745	
Interlobular septal thickening on pulmonary CT imaging	abnormal lung interstitium morphology	MP:0002276	broad	10	broad	10	Interlobular septal thickening on pulmonary HRCT	HP:0030879	exact	10	orcid:0000-0003-4606-0597|orcid:0000-0002-6490-7723	PMID:32118615	
Interstitial pneumonia	interstitial pneumonia	MP:0001862	exact	10	exact	10	Interstitial pneumonitis	HP:0006515	exact	10	orcid:0000-0003-4606-0597|orcid:0000-0002-6490-7723	PMID:32526193	
Kidney failure	kidney failure	MP:0003606	exact	10	exact	9	Renal insufficiency	HP:0000083	exact	9	orcid:0000-0003-4606-0597|orcid:0000-0002-6490-7723	PMID:32489502	
Kupffer cell hyperplasia	--	--	--	--	--	--	--	--	--	--	orcid:0000-0003-4606-0597|orcid:0000-0002-6490-7723	PMID:32572155	
Leptomeningeal enhancement	--	--	--	--	--	--	Leptomeningeal enhancement	HP:0032070	exact	10	orcid:0000-0003-4606-0597|orcid:0000-0002-6490-7723	PMID:32294339	
Leukocytosis	increased leukocyte cell number	MP:0000218	exact	10	exact	10	Leukocytosis	HP:0001974	exact	10	orcid:0000-0003-4606-0597|orcid:0000-0002-6490-7723	PMID:32209890, PMID:32007143, PMID:32311826	
Leukopenia (Leukocytopenia)	decreased leukocyte cell number	MP:0000221	exact	10	exact	10	Leukopenia	HP:0001882	exact	10	orcid:0000-0003-4606-0597|orcid:0000-0002-6490-7723	PMID:31986264	
Livedo reticularis	--	--	--	--	--	--	Livedo reticularis	HP:0033505	exact	10	orcid:0000-0003-4606-0597 	https://www.jaad.org/article/S0190-9622(20)30558-2/pdf	
Loss of consciousness / Unconsciousness	--	--	--	--	--	--	Loss of consciousness	HP:0007185	exact	10	orcid:0000-0003-4606-0597|orcid:0000-0002-6490-7723	PMID:32464367, PMID:32587625	
Low lung compliance	decreased lung compliance	MP:0010896	exact	10	--	--	--	--	--	--	orcid:0000-0003-4606-0597|orcid:0000-0002-6490-7723	PMID:32329799, PMID:32291463	
Low lung elastance	decreased lung elastance	MP:0011045	exact	10	--	--	--	--	--	--	orcid:0000-0003-4606-0597|orcid:0000-0002-6490-7723	PMID:32329799, PMID:32291463	
Low vitamin K level	decreased vitamin K level	MP:0031263	exact	10	exact	10	Low levels of vitamin K	HP:0011892	exact	10	orcid:0000-0003-4606-0597|orcid:0000-0002-6490-7723	https://doi.org/10.1101/2020.12.21.20248613	
Lupus anticoagulant autoantibodies	--	--	--	--	--	--	Lupus anticoagulant	HP:0025343	exact	10	orcid:0000-0003-4606-0597|orcid:0000-0002-6490-7723	PMID:32369280, PMID:32324958	
Lymph node atrophy	lymph node atrophy	MP:0031071	exact	10	related	10	Lymph node hypoplasia	HP:0002732	related	10	orcid:0000-0003-4606-0597|orcid:0000-0002-6490-7723	PMID:32303696	
Lymph node enrlargement (adenopathy, lymphadenopathy)	enlarged lymph nodes	MP:0000702	exact	10	exact	10	Lymphadenopathy	HP:0002716	exact	10	orcid:0000-0003-4606-0597|orcid:0000-0002-6490-7723	PMID:32118615	
Lymph node necrosis	lymph node necrosis	MP:0031052	exact	10	--	--	--	--	--	--	orcid:0000-0003-4606-0597|orcid:0000-0002-6490-7723	PMID:32303696	
Lymphopenia	decreased lymphocyte cell number	MP:0005016	exact	10	exact	10	Lymphopenia	HP:0001888	exact	10	orcid:0000-0003-4606-0597|orcid:0000-0002-6490-7723	PMID:32007143, PMID:31986264, PMID:32311826	
Maculopapular rash	skin rash	MP:0031103	broad	10	broad	10	Maculopapular exanthema	HP:0040186	exact	9	orcid:0000-0003-4606-0597|orcid:0000-0002-6490-7723	PMID:32390279	
Metabolic acidosis	metabolic acidosis	MP:0012551	exact	10	exact	10	Metabolic acidosis	HP:0001942	exact	10	orcid:0000-0003-4606-0597|orcid:0000-0002-6490-7723	PMID:32574318	
Morbilliform rash	skin rash	MP:0031103	broad	10	broad	10	Morbilliform rash	HP:0012282	exact	10	orcid:0000-0003-4606-0597|orcid:0000-0002-6490-7723	PMID:32390279	
Muscle fatigue	muscle fatigue	MP:0003646	exact	10	exact	10	Increased muscle fatiguability	HP:0003750	exact	10	orcid:0000-0003-4606-0597|orcid:0000-0002-6490-7723	PMID:32464367	
Muscle weakness	muscle weakness	MP:0000747	exact	10	exact	10	Muscle weakness	HP:0001324	exact	10	orcid:0000-0003-4606-0597|orcid:0000-0002-6490-7723	PMID:32464367	
Myalgia	--	--	--	--	--	--	Myalgia	HP:0003326	exact	10	orcid:0000-0003-4606-0597|orcid:0000-0002-6490-7723	PMID:32423471, PMID:32574165, PMID:32587625, PMID:32620220	
Myocardial infarction	increased susceptibility to myocardial ischemic injury	MP:0031217	related	10	related	10	Myocardial infarction	HP:0001658	exact	10	orcid:0000-0003-4606-0597|orcid:0000-0002-6490-7723	PMID:32415579, PMID:32620220	
Myositis	myositis	MP:0004510	exact	10	exact	10	Myositis	HP:0100614	exact	10	orcid:0000-0003-4606-0597|orcid:0000-0002-6490-7723	PMID:32535934, PMID:32419753, PMID:32542129	
Acute nasal dryness 	--	--	--	--	--	--	Nasal dryness 	HP:0033521 	broad	10	orcid:0000-0003-4606-0597|orcid:0000-0002-6490-7723	https://doi.org/10.1101/2020.11.18.20233874	
Nasal obstruction / congestion	nasal obstruction	MP:0031101	exact	10	exact	10	Nasal obstruction 	HP:0001742	exact	10	orcid:0000-0003-4606-0597|orcid:0000-0002-6490-7723	PMID:32586739	HPO term narrow synonym = Nasal congestion
Nephritis	kidney inflammation	MP:0001859	exact	10	exact	10	Nephritis	HP:0000123	exact	10	orcid:0000-0003-4606-0597|orcid:0000-0002-6490-7723	PMID:32423587	
Neutrophilia	increased neutrophil cell number	MP:0000219	exact	10	exact	10	Neutrophilia	HP:0011897	exact	10	orcid:0000-0003-4606-0597|orcid:0000-0002-6490-7723	PMID:32007143, PMID:31986264, PMID:32311826	
Night sweats	--	--	--	--	--	--	Night sweats	HP:0030166	exact	10	orcid:0000-0003-4606-0597|orcid:0000-0002-6490-7723	PMID:32453100, PMID:32527327, PMID:32322478	
Oliguria (see also Decreased urine output)	oliguria	MP:0003620	exact	10	exact	10	Oliguria	HP:0100520	exact	10	orcid:0000-0003-4606-0597|orcid:0000-0002-6490-7723	PMID:32533197	
Ophthalmalgia (ocular pain)	--	--	--	--	--	--	Ocular pain	HP:0200026	exact	10	orcid:0000-0003-4606-0597|orcid:0000-0002-6490-7723	PMID:32421258	
Otalgia (ear pain)	--	--	--	--	--	--	Ear pain [exact synonym = Otalgia]	HP:0030766	exact	10	orcid:0000-0003-4606-0597|orcid:0000-0002-6490-7723	PMID:32488724, PMID:33134843, PMID:32755405	
Palpitations	--	--	--	--	--	--	Palpitations	HP:0001962	exact	10	orcid:0000-0003-4606-0597|orcid:0000-0002-6490-7723	PMID:32352535	
Paresthesia (pins and needles feeling, tingling)	--	--	--	--	--	--	Paresthesia	HP:0003401	exact	10	orcid:0000-0003-4606-0597|orcid:0000-0002-6490-7723	PMID:32302082, PMID:32240762	
Phantosmia	--	--	--	--	--	--	Phantosmia	HP:0033693 	exact	10	orcid:0000-0003-4606-0597|orcid:0000-0002-6490-7723	https://www.medrxiv.org/content/10.1101/2020.12.24.20248802v3, https://www.medrxiv.org/content/10.1101/2021.08.28.21262763v1	
Pneumocyte desquamation	abnormal pneumocyte desquamation	MP:0031087	exact	10	--	--	--	--	--	--	orcid:0000-0003-4606-0597|orcid:0000-0002-6490-7723	PMID:32356025, PMID:32085846, PMID:32620220	
Podocyte foot process effacement	podocyte foot process effacement	MP:0008140	exact	10	exact	10	Podocyte foot process effacement	HP:0031266	exact	10	orcid:0000-0003-4606-0597|orcid:0000-0002-6490-7723	PMID:32471641	
Podocyte vacuolization	podocyte vacuolization	MP:0011899	exact	10	--	--	--	--	--	--	orcid:0000-0003-4606-0597|orcid:0000-0002-6490-7723	PMID:32471641	
Post-traumatic stress symptoms / disorder (PTSD)	--	--	--	--	--	--	Posttraumatic stress symptom	 HP:0033676	exact	10	orcid:0000-0003-4606-0597 	PMID:32738287, PMID:32563745, https://doi.org/10.1101/2020.10.07.20208249	
Priapism	priapism	MP:0003415					Priapism	HP:0200023			orcid:0000-0003-4606-0597|orcid:0000-0002-6490-7723	PMID:32732087	
Productive (wet) cough	coughing	MP:0031088	broad	10	broad	10	Productive cough	HP:0031245	exact	10	orcid:0000-0003-4606-0597|orcid:0000-0002-6490-7723	PMID:32574165	
Proximal tubule brush border loss	proximal convoluted tubule brush border loss	MP:0011352	exact	10	--	--	--	--	--	--	orcid:0000-0003-4606-0597|orcid:0000-0002-6490-7723	PMID:32327202	
Pseudo-chilblain lesions (chilblainlike acral eruptions, "COVID finger / toes")	--	--	--	--	--	--	Pseudo-chilblains on toes	HP:0034036	exact	10	orcid:0000-0003-4606-0597 	PMID:32348545, PMID:32390279	SEE HPO GITHUB ISSUE
Pulmonary alveolar edema	pulmonary alveolar edema	MP:0010894	exact	10	narrow	10	Pulmonary edema	HP:0100598	broad	10	orcid:0000-0003-4606-0597|orcid:0000-0002-6490-7723	PMID:32526193	
Pulmonary alveolar hemorrhage	pulmonary alveolar hemorrhage	MP:0010909	exact	10	broad	10	Diffuse alveolar hemorrhage	HP:0025420	narrow	10	orcid:0000-0003-4606-0597|orcid:0000-0002-6490-7723	PMID:32620220	
Red eye	--	--	--	--	--	--	Red eye	HP:0025337	exact	10	orcid:0000-0003-4606-0597|orcid:0000-0002-6490-7723	PMID:32585259	https://github.com/mgijax/mammalian-phenotype-ontology/issues/3494
Reduced antithrombin activity	--	--	--	--	--	--	Reduced antithrombin III activity	HP:0001976	exact	9	orcid:0000-0003-4606-0597|orcid:0000-0002-6490-7723	PMID:32073213, https://doi.org/10.1016/j.numecd.2020.07.040	antithrombin is commonly used as a synonym for antithrombin III, there does not appear to be other "antithrombin" genes that I can find
Reduced antithrombin level	decreased circulating antithrombin level	MP:0012325	exact	10	exact	10	Reduced antithrombin antigen	HP:0040246	exact	10	orcid:0000-0003-4606-0597|orcid:0000-0002-6490-7723	PMID:32311826	
Reduced blood fibrinogen level (hypofibrinogenemia)	decreased circulating fibrinogen level	MP:0012330	exact	10	exact	10	Hypofibrinogenemia	HP:0011900	exact	10	orcid:0000-0003-4606-0597|orcid:0000-0002-6490-7723	PMID:32311826	
Reduced exercise tolerance	impaired exercise endurance	MP:0012106	exact	9	exact	9	Exercise intolerance	HP:0003546	exact	10	orcid:0000-0003-4606-0597|orcid:0000-0002-6490-7723	https://doi.org/10.1101/2020.10.15.20205054	
Reduced serum albumin level (hypoalbuminemia)	decreased circulating serum albumin level	MP:0005419	exact	10	exact	10	Hypoalbuminemia	HP:0003073	exact	10	orcid:0000-0003-4606-0597|orcid:0000-0002-6490-7723	PMID:32007143, PMID:32311826	
Renal tubular casts	renal cast	MP:0011402	broad	9	broad	10	Renal intratubular casts	HP:0032623	exact	9	orcid:0000-0003-4606-0597|orcid:0000-0002-6490-7723	PMID:32327202, PMID:32471641	MP term covers both tubules and collecting ducts, from ref and HPO site these apear to be limited to just the casts in tubules
Renal tubular necrosis	renal tubular necrosis	MP:0004154	exact	8	broad	10	Renal tubular epithelial necrosis	HP:0008682	narrow	10	orcid:0000-0003-4606-0597|orcid:0000-0002-6490-7723	PMID:32327202, https://www.ncbi.nlm.nih.gov/pmc/articles/PMC7461690/	Publications mentions - "frank necrosis", "debris composed of necrotic epithelium in tubular lumens", :Vfocal acute tubular necrosis"; MP term covers all tubule necrosis HP only epithelial necrosis
Rhabdomyolysis	rhabdomyolysis	MP:0031112	exact	10	exact	10	Rhabdomyolysis	HP:0003201	exact	10	orcid:0000-0003-4606-0597|orcid:0000-0002-6490-7723	PMID:32382463, PMID:32197060, PMID:32620220	
Rigors (fever shakes)	--	--	--	--	--	--	Rigors	HP:0025145	exact	10	orcid:0000-0003-4606-0597|orcid:0000-0002-6490-7723	PMID:32574165	
Sepsis	sepsis	MP:0005044	exact	10	exact	10	Sepsis	HP:0100806	exact	10	orcid:0000-0003-4606-0597|orcid:0000-0002-6490-7723	PMID:32439197	
Septic shock	--	--	--	--	--	--	--	--	--	--		PMID:32439197	
Syncope	syncope	MP:0031302	exact	10	exact	10	Syncope	HP:0001279	exact	10	orcid:0000-0003-4606-0597|orcid:0000-0002-6490-7723	https://www.medrxiv.org/content/10.1101/2020.12.30.20249060v1	
Thrombocytopenia	thrombocytopenia	MP:0003179	exact	10	exact	10	Thrombocytopenia	HP:0001873	exact	10	orcid:0000-0003-4606-0597|orcid:0000-0002-6490-7723	PMID:32178975, PMID:32311826	
Thromboembolism	abnormal venous thrombosis	MP:0031158	related	10	related	10	Thromboembolism	HP:0001907	exact	10	orcid:0000-0003-4606-0597|orcid:0000-0002-6490-7723	https://doi.org/10.1038/s41569-020-0413-9	
reactive type II pneumocyte hyperplasia	reactive type II pneumocyte hyperplasia	MP:0031238	exact	10	narrow	8	Type II pneumocyte hyperplasia	HP:0033328	broad	8	orcid:0000-0003-4606-0597|orcid:0000-0002-6490-7723	PMID:32427582, PMID:32817204	reactive - incorporates cause of hyperplasia as following lung injury, the definition for the HP term specifies "enlargement" which I find ambiguos in meaning; submitted a ticket to get this clarified
Urticarial lesions	--	--	--	--	--	--	Urticaria	HP:0001025	exact	10	orcid:0000-0003-4606-0597|orcid:0000-0002-6490-7723	PMID:32348545, PMID:32620220	
Vesicles	blistering	MP:0001208	broad	10	broad	10	Skin vesicle	HP:0200037	exact	10	orcid:0000-0003-4606-0597|orcid:0000-0002-6490-7723	PMID:32348545	
Virus-induced rhabdomyolysis	rhabdomyolysis	MP:0031112	broad	10	broad	10	Viral infection-induced rhabdomyolysis	HP:0003558	exact	10	orcid:0000-0003-4606-0597|orcid:0000-0002-6490-7723	PMID:32542129	
Weak pulse	--	--	--	--	--	--	Weak pulse	HP:0032553	exact	10	orcid:0000-0003-4606-0597|orcid:0000-0002-6490-7723	PMID:32439197	
above downloaded 1/25/22													